teks,label,matkul
suka materi yang membahas peran informatika di berbagai bidang,Positif,Pengantar Informatika
saya kurang eksplorasi sehingga terasa kurang mendalam,Negatif,Pengantar Informatika
aku suka bagian praktik coding karena bisa langsung mencoba apa yang dipelajari di kelas,Positif,Algoritma Pemrograman 1
menurut saya tugasnya kadang cukup banyak dan butuh waktu ekstra untuk mengerjakannya,Negatif,Algoritma Pemrograman 1
belajar ngoding,Positif,Algoritma Pemrograman 1
kurang praktek di lab,Negatif,Algoritma Pemrograman 1
perhitungan,Positif,Kalkulus 1
cara mengajar atau penyampaian materi dosen,Negatif,Kalkulus 1
menghitung,Positif,Sistem Operasi
tidak ada,Negatif,Sistem Operasi
pembahasan mengenai sejarah komputer dan peran informatika di berbagai bidang yang membuka wawasan,Positif,Pengantar Informatika
sebagian materi terasa berulang dan kurang menantang bagi mahasiswa yang sudah memiliki dasar sebelumnya,Negatif,Pengantar Informatika
bagian perhitungan,Positif,Sistem Operasi
kurang paham bagian materi,Negatif,Sistem Operasi
ketika belajar pengukuran data,Positif,Statistika dan Probabilitas
kendalanya kurang memahami di pelajaran peluang,Negatif,Statistika dan Probabilitas
cara belajarnya yang mudah dipahami,Positif,Algoritma Pemrograman 1
sering eror,Negatif,Algoritma Pemrograman 1
pembahasan mengenai manajemen proses dan penjadwalan yang menambah wawasan tentang cara kerja sistem,Positif,Sistem Operasi
beberapa istilah teknis cukup sulit dipahami dan membutuhkan waktu belajar tambahan,Negatif,Sistem Operasi
aku suka saat mengerjakan soal berbasis kasus,Positif,Statistika dan Probabilitas
menurut saya terlalu banyak teori dibanding praktik,Negatif,Statistika dan Probabilitas
ngoding,Positif,Algoritma Pemrograman 1
fasilitas nya kurang seperti komputer banayk yang ngak bisa di gunakan,Negatif,Algoritma Pemrograman 1
saya suka ketika materi sudah dipahami karena terasa memuaskan,Positif,Kalkulus 1
beberapa pembahasan terasa terlalu cepat dan kurang pembahasan mendalam,Negatif,Kalkulus 1
adanya tugas praktik yang membuat mahasiswa terbiasa berpikir sistematis dan memecahkan masalah,Positif,Algoritma Pemrograman 1
waktu pengerjaan tugas terkadang berdekatan dengan mata kuliah lain sehingga cukup membebani,Negatif,Algoritma Pemrograman 1
hal yang paling disukai dari mata kuliah kalkulus adalah karena melatih kemampuan berpikir logis dalam memahami konsep perubahan turunan dan integral yang berguna untuk bidang sains dan teknik,Positif,Kalkulus 1
kendala dalam mata kuliah kalkulus adalah banyaknya rumus dan konsep abstrak yang sulit dipahami jika tidak disertai latihan dan penjelasan yang jelas,Negatif,Kalkulus 1
materi yang ringan dan mudah dipahami sehingga cocok untuk mahasiswa baru,Positif,Pengantar Informatika
beberapa topik terasa terlalu umum dan kurang mendalam,Negatif,Pengantar Informatika
tentang penjelasan yg mudah di pahami,Positif,Sistem Operasi
saya rasa ada,Negatif,Sistem Operasi
selain karna materi nya hanya pengulangan dari sma saya suka materi ini karna dosennya yang asik dan penyampaian materinya mudah untuk dipahami,Positif,Statistika dan Probabilitas
untuk saat ini menurut saya tidak ada kendala dari materi ini,Negatif,Statistika dan Probabilitas
materi pengenalan teknologi dan konsep dasar yang mudah dipahami serta relevan dengan kehidupan sehari hari,Positif,Pengantar Informatika
beberapa materi terasa terlalu teoritis dan kurang praktik langsung,Negatif,Pengantar Informatika
contoh soal yang berkaitan dengan kasus nyata membuat materi lebih mudah dipahami,Positif,Statistika dan Probabilitas
perhitungan yang cukup panjang terkadang membuat proses belajar terasa melelahkan,Negatif,Statistika dan Probabilitas
saya suka karena materinya tidak terlalu berat,Positif,Pengantar Informatika
enurut saya kurang menantang,Negatif,Pengantar Informatika
ku suka bagian peluang karena contohnya bisa dikaitkan dengan kehidupan sehari hari,Positif,Statistika dan Probabilitas
menurut saya perhitungannya kadang cukup panjang dan bikin cepat lelah,Negatif,Statistika dan Probabilitas
praktik coding secara langsung yang membantu memahami konsep percabangan perulangan dan fungsi,Positif,Algoritma Pemrograman 1
bagi pemula materi terasa sulit karena membutuhkan latihan yang konsisten di luar jam kuliah,Negatif,Algoritma Pemrograman 1
aku suka bagian yang membahas perkembangan teknologi karena cukup membuka wawasan,Positif,Pengantar Informatika
menurut saya pembahasannya terlalu umum dan banyak teori yang bisa dibaca sendiri,Negatif,Pengantar Informatika
aku suka saat berhasil memahami materi,Positif,Kalkulus 1
soalnya cukup sulit dan membutuhkan waktu lama untuk dikerjakan,Negatif,Kalkulus 1
aku suka materi tentang proses dan memori karena jadi lebih paham bagaimana sistem berjalan,Positif,Sistem Operasi
menurut saya beberapa istilah agak sulit dipahami di awal,Negatif,Sistem Operasi
mudah dipahami,Positif,Pengantar Informatika
terlalu monoton,Negatif,Pengantar Informatika
perhitungan,Positif,Statistika dan Probabilitas
materinya sering terasa abstrak dan perhitungannya cukup rumit sehingga butuh penjelasan yang lebih sederhana dan lebih banyak contoh praktik,Negatif,Statistika dan Probabilitas
menghitung,Positif,Sistem Operasi
tidak ada,Negatif,Sistem Operasi
materi tentang pengolahan data dan cara menghitung ukuran pemusatan yang mudah dipahami,Positif,Statistika dan Probabilitas
beberapa bagian seperti distribusi peluang cukup sulit dipahami tanpa contoh tambahan,Negatif,Statistika dan Probabilitas
materi,Positif,Pengantar Informatika
bagian perhitungan perlu dijelaskan,Negatif,Pengantar Informatika
selama ini belum di temukan,Positif,Kalkulus 1
kendalanya karena belajar nya secara daring dan saya tidak bisa memahami pelajaran matematika melalui daring,Negatif,Kalkulus 1
cara belajarnya yang diberikan contoh dan dijelaskan darimana datangnya,Positif,Statistika dan Probabilitas
angka yang besar jika pake hitungan manual agak lambat,Negatif,Statistika dan Probabilitas
latihan soal yang membantu memahami konsep peluang dan distribusi secara bertahap,Positif,Statistika dan Probabilitas
perhitungan yang cukup panjang terkadang membuat mahasiswa kurang fokus,Negatif,Statistika dan Probabilitas
aku suka ketika membahas cara kerja cpu dalam komputer dan virtual machine,Positif,Sistem Operasi
beberapa istilah sulit dipahami bagi mahasiswa yang belum kuat dasarnya,Negatif,Sistem Operasi
pelajarannya,Positif,Sistem Operasi
belum ada,Negatif,Sistem Operasi
aku suka bagian distribusi dan peluang karena mudah,Positif,Statistika dan Probabilitas
perhitungannya cukup panjang dan membingungkan jika kurang latihan soal,Negatif,Statistika dan Probabilitas
materinya ringan sehingga cocok sebagai pengenalan untuk mahasiswa baru,Positif,Pengantar Informatika
beberapa kegiatan perkuliahan terasa monoton karena lebih banyak mendengarkan penjelasan,Negatif,Pengantar Informatika
hal yang paling disukai dari mata kuliah statistika dan probabilitas adalah karena membantu memahami cara menganalisis data serta mempelajari peluang kejadian yang sering digunakan dalam penelitian dan kehidupan sehari hari,Positif,Statistika dan Probabilitas
kendala dalam mata kuliah statistika dan probabilitas adalah perhitungan yang cukup rumit serta konsep peluang yang kadang membingungkan tanpa contoh penerapan nyata,Negatif,Statistika dan Probabilitas
praktik langsung membuat program sederhana yang melatih kemampuan problem solving,Positif,Algoritma Pemrograman 1
tugas yang cukup sering membuat mahasiswa harus mengatur waktu dengan baik,Negatif,Algoritma Pemrograman 1
mungkin agak sedikit mudah,Positif,Kalkulus 1
penjelasannya yang kurang,Negatif,Kalkulus 1
untuk saat ini tidak ada hal yang kami sukai dari mata kuliah ini,Positif,Kalkulus 1
kekurangan mata kuliah ini karna dilaksanakan secara online hanya kali pertemuan pembelajaran dan kali pertemuan untuk pelaksanaan ujian,Negatif,Kalkulus 1
latihan soal yang membantu memahami konsep turunan dan integral secara bertahap,Positif,Kalkulus 1
penjelasan beberapa materi terasa terlalu cepat sehingga sulit diikuti,Negatif,Kalkulus 1
tugas proyek yang melatih kreativitas dalam membuat program sederhana,Positif,Algoritma Pemrograman 1
beberapa mahasiswa kesulitan mengikuti ritme praktikum karena perbedaan kemampuan dasar,Negatif,Algoritma Pemrograman 1
materinya cukup menantang,Positif,Statistika dan Probabilitas
otak saya lemah dengan angka,Negatif,Statistika dan Probabilitas
aku suka saat berhasil menyelesaikan soal karena terasa menantang,Positif,Kalkulus 1
menurut saya beberapa materi butuh penjelasan berulang supaya benar benar paham,Negatif,Kalkulus 1
penjelasan mengenai perkembangan teknologi dan peran informatika dalam kehidupan sehari hari,Positif,Pengantar Informatika
metode pembelajaran lebih banyak teori sehingga terasa kurang interaktif,Negatif,Pengantar Informatika
aku suka ketika membahas bagaimana proses berjalan dan bagaimana sistem mengatur sumber daya,Positif,Sistem Operasi
beberapa materi terasa abstrak dan sulit dibayangkan tanpa praktik langsung,Negatif,Sistem Operasi
suka topik tentang keamanan sistem,Positif,Sistem Operasi
materinya terasa terlalu teori dan padat,Negatif,Sistem Operasi
aku suka karena materinya mudah dipahami dan tidak terlalu berat,Positif,Pengantar Informatika
menurut saya beberapa pertemuan terasa agak monoton karena lebih banyak teori,Negatif,Pengantar Informatika
mempelajari tentang sistem sistem yang ada pada komputer,Positif,Sistem Operasi
kadang dosen berkendala untuk masuk,Negatif,Sistem Operasi
materinya praktis dan membuka pemahaman tentang cara kerja komputer secara nyata seperti manajemen proses memori dan sistem file,Positif,Sistem Operasi
materinya cukup teknis dan abstrak sehingga tanpa praktik langsung atau contoh nyata beberapa konsep jadi sulit dipahami,Negatif,Sistem Operasi
baik,Positif,Sistem Operasi
tidak ada,Negatif,Sistem Operasi
latihan soal yang beragam membantu memahami konsep limit dan turunan secara lebih mendalam,Positif,Kalkulus 1
penyampaian materi terkadang terlalu cepat sehingga sulit mengikuti pembahasan,Negatif,Kalkulus 1
ngk ad,Positif,Kalkulus 1
kurang mengerti,Negatif,Kalkulus 1
karena belajar pengodingan,Positif,Algoritma Pemrograman 1
kendalanya jarang pertemuan offline,Negatif,Algoritma Pemrograman 1
cara penyampaiannya,Positif,Pengantar Informatika
kurang mengerti apa dibagian perhitungan,Negatif,Pengantar Informatika
pembahasan tentang limit dan turunan yang melatih kemampuan berpikir logis,Positif,Kalkulus 1
materi terasa padat sehingga perlu waktu belajar mandiri yang lebih banyak,Negatif,Kalkulus 1
uka latihan logika yang menantang dan codingnya tanpa error,Positif,Algoritma Pemrograman 1
kadang merasa tertinggal jika tidak langsung paham di awal,Negatif,Algoritma Pemrograman 1
materi nya,Positif,Pengantar Informatika
tidak ada,Negatif,Pengantar Informatika
aku suka pembahasan tentang manajemen memori dan file system,Positif,Sistem Operasi
materi terasa padat dan sulit jika tidak belajar mandiri,Negatif,Sistem Operasi
latihan soal yang beragam membantu meningkatkan kemampuan berhitung,Positif,Kalkulus 1
beban tugas cukup banyak sehingga membutuhkan waktu belajar yang lebih panjang,Negatif,Kalkulus 1
hal yang paling disukai dari mata kuliah algoritma dan pemrograman adalah karena dapat melatih pola pikir terstruktur dan memungkinkan mahasiswa membuat program atau solusi nyata melalui coding,Positif,Algoritma Pemrograman 1
kendala dalam mata kuliah algoritma dan pemrograman adalah mahasiswa sering kesulitan di awal dalam memahami logika dasar dan error saat praktik coding sehingga butuh banyak latihan,Negatif,Algoritma Pemrograman 1
latihan soal yang membantu memahami konsep dasar secara bertahap,Positif,Kalkulus 1
beberapa mahasiswa membutuhkan waktu lebih lama untuk memahami materi tertentu,Negatif,Kalkulus 1
penjelasannya yang sangat mudah di pahami,Positif,Statistika dan Probabilitas
ngak ada,Negatif,Statistika dan Probabilitas
hal yang saya suka yaitu coding dan flowchart saya suka hal itu tetapi saya tidak terlalu paham dengan materi itu,Positif,Algoritma Pemrograman 1
kekurangan dari materi ini mungkin karna materi ini sering tidak dilaksanakan karna hal dari dosen pengampu matkul ini,Negatif,Algoritma Pemrograman 1
materi tentang peluang dan distribusi yang aplikatif dalam pengolahan data,Positif,Statistika dan Probabilitas
beberapa rumus cukup kompleks dan membutuhkan penjelasan yang lebih detail,Negatif,Statistika dan Probabilitas
materi yang ringan membuat mahasiswa lebih mudah beradaptasi di awal perkuliahan,Positif,Pengantar Informatika
sebagian tugas terasa kurang menantang bagi mahasiswa yang sudah memiliki pengalaman sebelumnya,Negatif,Pengantar Informatika
pembahasan soal dilakukan secara detail,Positif,Kalkulus 1
materinya cukup padat dan kadang sulit mengikuti,Negatif,Kalkulus 1
aku suka saat berhasil menjalankan program yang sudah dibuat sendiri,Positif,Algoritma Pemrograman 1
menurut saya kalau tidak sering latihan materi jadi cepat lupa,Negatif,Algoritma Pemrograman 1
materi tentang manajemen proses dan memori yang menambah pemahaman tentang cara kerja komputer,Positif,Sistem Operasi
beberapa konsep cukup abstrak dan sulit dipahami tanpa ilustrasi atau simulasi,Negatif,Sistem Operasi
saya suka saat berhasil menyelesaikan program meskipun awalnya banyak error,Positif,Algoritma Pemrograman 1
tugasnya menurut saya cukup sering dan kadang membuat stres,Negatif,Algoritma Pemrograman 1
berhubungan dengan gambar dan visual d maupun d,Positif,Grafika Komputer
agak ribet menggunakan softwarenya,Negatif,Grafika Komputer
aku paling suka waktu praktek karena kelihatan langsung hasilnya,Positif,Grafika Komputer
jujur menurut saya cukup sulit di bagian perhitungannya apalagi kalau belum paham konsep matematikanya,Negatif,Grafika Komputer
waktu bahas optimasi query dan normalisasi lanjutan karena terasa lebih mendalam,Positif,Database 2
penjelasan tentang beberapa materi kadang terlalu cepat jadi agak sulit dipahami,Negatif,Database 2
suka ketika dosennya menjelaskan langkah langkah penyelesaian soal secara detail jadi lebih mudah diikuti,Positif,Kalkulus 2
penjelasan kadang cukup cepat jadi kalau sekali tidak paham bisa langsung tertinggal,Negatif,Kalkulus 2
seru waktu sudah paham pola pengerjaan soal jadi terasa lebih gampang,Positif,Kalkulus 2
kalau ketinggalan satu konsep dasar materi berikutnya jadi ikut susah,Negatif,Kalkulus 2
bagian praktiknya cukup menarik apalagi saat belajar mengelola data dalam skala besar,Positif,Database 2
materinya lumayan padat dan butuh fokus ekstra kalau kurang latihan gampang bingung jadinya,Negatif,Database 2
yang saya sukai dari mata kuliah ini adalah karena materinya berhubungan langsung dengan visual dan desain sehingga terasa lebih menarik dan tidak hanya berfokus pada logika atau perhitungan saja,Positif,Grafika Komputer
kendala yang saya rasakan adalah adanya perhitungan matematis yang cukup kompleks terutama pada bagian transformasi dan koordinat,Negatif,Grafika Komputer
konsep integral digunakan untuk menyelesaikan masalah nyata,Positif,Kalkulus 2
kendalanya adalah banyaknya rumus dan teknik perhitungan yang harus diingat,Negatif,Kalkulus 2
membahas komponen komputer dan cara kerjanya jadi lebih paham sistem dari dasar,Positif,Arsitektur dan Organisasi Komputer
materinya cukup teknis dan kadang sulit dibayangkan kalau cuma teori,Negatif,Arsitektur dan Organisasi Komputer
proses perancangan sistem seperti membuat use case diagram atau alur sistem karena membantu memahami bagaimana sebuah aplikasi dibangun dari tahap awal,Positif,Rekayasa Perangkat Lunak 1
banyaknya dokumen yang harus dibuat sehingga terasa cukup teoritis dan memakan waktu terutama jika belum langsung diimplementasikan ke bentuk aplikasi,Negatif,Rekayasa Perangkat Lunak 1
suka waktu belajar tentang pengolahan gambar,Positif,Sistem Multimedia
praktiknya masih kurang,Negatif,Sistem Multimedia
logikanya karena masih bisa dipahami dengan contoh sehari hari,Positif,Matematika Diskrit 1
beberapa materi yang terasa cukup rumit kalau penjelasannya terlalu cepat,Negatif,Matematika Diskrit 1
suka bagian analisis kebutuhan karena terasa seperti mengerjakan proyek nyata,Positif,Rekayasa Perangkat Lunak 1
tugasnya cukup detail dan butuh waktu lama apalagi kalau dikerjakan dalam tim yang kurang kompak,Negatif,Rekayasa Perangkat Lunak 1
suka saat praktik membuat atau mengedit media digital karena terasa lebih kreatif,Positif,Sistem Multimedia
dosennya tidak seuai skill nya dengan matakuliah ini,Negatif,Sistem Multimedia
karena di sini terasa lebih real case seperti yang digunakan dalam sistem perusahaan,Positif,Database 2
perlu ketelitian tinggi namun justru melatih logika dan ketelitian dalam pengelolaan data,Negatif,Database 2
menjawab pertanyaan,Positif,Rekayasa Perangkat Lunak 1
cara dosen dalam menyampaikan kurang menarik sehingga saat pembelajaran berlangsung saya jadi kurang fokus dengan matakuliah yang di sampaikan,Negatif,Rekayasa Perangkat Lunak 1
suka bagian praktik sql karena bisa langsung melihat hasilnya,Positif,Database 1
waktu praktikum terasa agak singkat dan kadang error,Negatif,Database 1
saya suka waktu berhasil mengimplementasikan struktur data seperti stack atau linked list rasanya puas,Positif,Struktur Data
menurut saya beberapa materi terasa cukup cepat jadi kalau tidak langsung paham bisa tertinggal,Negatif,Struktur Data
suka waktu belajar gerbang logika karena jadi paham dasar cara kerja sistem,Positif,Sistem Digital
beberapa soal cukup rumit dan butuh ketelitian,Negatif,Sistem Digital
penyampaian dosen yang menyenangkan,Positif,Interaksi Manusia-Komputer
konsep teori tentang prinsip desain dan evaluasi antarmuka cukup banyak sehingga perlu waktu lebih untuk memahami dan mengingat istilah istilahnya,Negatif,Interaksi Manusia-Komputer
suka cara dosennya menjelaskan dengan santai tapi tetap jelas jadi suasana kelas nyaman,Positif,Komputer dan Masyarakat
materinya kadang terasa terlalu umum dan terlalu teori,Negatif,Komputer dan Masyarakat
mengenal materi yang belum pernah dipelajari,Positif,Sistem Multimedia
penggunaan software yang agak susah dipahami karena baru pertama kali,Negatif,Sistem Multimedia
aku suka diskusi tentang etika dan perkembangan teknologi di masyarakat jadi bisa sharing pendapat,Positif,Komputer dan Masyarakat
kadang materinya terasa terlalu umum dan mirip pembahasan di seminar seminar,Negatif,Komputer dan Masyarakat
suka dengan cara dosen menjelaskan dan menyampaikan materi dikelas,Positif,Interaksi Manusia-Komputer
kadang pembahasannya terlalu teori dan kurang contoh aplikasi nyata,Negatif,Interaksi Manusia-Komputer
dosennya sering memberi contoh kasus nyata dalam pemrograman jadi lebih mudah dipahami,Positif,Algoritma Pemrograman 2
tugas proyeknya cukup berat dan butuh waktu lama untuk dikerjakan,Negatif,Algoritma Pemrograman 2
bagian logika cukup menarik karena kepakai juga di dunia programming,Positif,Matematika Diskrit 1
pembuktian kadang bikin mikir lama karena harus runtut dan nggak boleh lompat langkah,Negatif,Matematika Diskrit 1
seru waktu membahas cpu memori dan bagaimana instruksi diproses jadi lebih paham isi dalam komputer,Positif,Arsitektur dan Organisasi Komputer
beberapa topik terasa cukup rumit dan butuh waktu untuk benar benar paham,Negatif,Arsitektur dan Organisasi Komputer
yang saya sukai dari mata kuliah ini adalah materinya dekat dengan kehidupan sehari hari sehingga mudah dipahami dan relevan dengan kondisi saat ini mata kuliah ini juga membuka wawasan tentang pentingnya etika dalam penggunaan teknologi serta tanggung jawab sebagai pengguna,Positif,Komputer dan Masyarakat
kendala yang saya rasakan adalah beberapa materi terasa cukup teoritis dan berbentuk diskusi konsep sehingga terkadang terasa monoton jika tidak disertai contoh kasus nyata,Negatif,Komputer dan Masyarakat
materi tersebut membantu saya memahami cara kerja algoritma secara lebih terstruktur,Positif,Matematika Diskrit 1
beberapa materi terutama pembuktian matematis terasa cukup berat dan memerlukan konsentrasi tinggi jika tidak dijelaskan dengan contoh yang jelas materi bisa terasa abstrak,Negatif,Matematika Diskrit 1
waktu belajar tentang array stack dan queue karena terasa langsung dipakai di coding,Positif,Struktur Data
beberapa materi seperti tree dan graph cukup sulit dipahami kalau kurang latihan,Negatif,Struktur Data
berhubungan dengan desain tampilan aplikasi,Positif,Interaksi Manusia-Komputer
agak sulit dikerjakan,Negatif,Interaksi Manusia-Komputer
suka diskusi tentang dampak teknologi di kehidupan sosial,Positif,Komputer dan Masyarakat
kadang materinya terasa berulang dan tidak terlalu dalam,Negatif,Komputer dan Masyarakat
belajar struktur kontrol yang lebih kompleks dan latihan problem solving,Positif,Algoritma Pemrograman 2
kadang kalau tertinggal satu materi jadi sulit mengikuti materi berikutnya,Negatif,Algoritma Pemrograman 2
kurang suka,Positif,Sistem Multimedia
praktiknya masih kurang jelas penjelasannya,Negatif,Sistem Multimedia
meski aak sulit tapi dosen bisa menjelasakn dengan sederhana,Positif,Sistem Digital
terkadang pelajarannya cukup sulit dimengerti karena ada perhitungan yang tidak biasa,Negatif,Sistem Digital
karena terasa seperti membangun fondasi sistem,Positif,Database 1
normalisasi kadang membingungkan dan salah desain tabel bisa berdampak besar,Negatif,Database 1
praktek bikin ani masih di macro media,Positif,Sistem Multimedia
adapun kendalanya kalau mau mendownload apk macro agak susah,Negatif,Sistem Multimedia
pembahasan soal dilakukan langkah demi langkah,Positif,Kalkulus 2
materi cukup cepat disampaikan jadi agak susah mengikuti,Negatif,Kalkulus 2
menantang tapi seru,Positif,Matematika Diskrit 1
butuh penjelasan berulang,Negatif,Matematika Diskrit 1
suka bagian implementasi struktur data karena terasa aplikatif,Positif,Struktur Data
ada beberapa materi yang kurang jelas penyampaiannya,Negatif,Struktur Data
materi tentang cara kerja komponen komputer dan proses eksekusi instruksi karena menambah wawasan tentang bagaimana komputer bekerja secara internal,Positif,Arsitektur dan Organisasi Komputer
beberapa bagian materi cukup teknis dan abstrak terutama yang berkaitan dengan representasi data logika digital dan struktur instruksi mesin,Negatif,Arsitektur dan Organisasi Komputer
dosennya ontime disiplin dan sabar dalam menjelaskan materi yang cukup rumit,Positif,Arsitektur dan Organisasi Komputer
materi cukup berat apalagi yang berhubungan dengan proses internal komputer,Negatif,Arsitektur dan Organisasi Komputer
sering libur,Positif,Database 1
saat pelajaran databse ini dosen sering libur jadi ga nyambung materinya sehingga kesulitan saat semester berikutnya,Negatif,Database 1
aku suka bagian evaluasi ui ux karena jadi lebih sadar pentingnya pengalaman pengguna,Positif,Interaksi Manusia-Komputer
kadang tugas cukup detail dan butuh waktu lama,Negatif,Interaksi Manusia-Komputer
pelajarannya menantang dan mengasah logika,Positif,Sistem Digital
soal soalnya cukup rumit dan butuh ketelitian tinggi,Negatif,Sistem Digital
suka cara dosennya menjelaskan query sql dengan contoh langsung jadi lebih mudah dipraktikkan,Positif,Database 1
waktu praktikum kadang terasa kurang untuk mencoba semua latihan,Negatif,Database 1
waktu belajar konversi bilangan dan rangkaian logika jadi lebih paham dasar kerja komputer,Positif,Sistem Digital
salah satu angka saja bisa bikin hasil akhirnya beda jauh jadi harus benar benar fokus,Negatif,Sistem Digital
namanya keren rpl,Positif,Rekayasa Perangkat Lunak 1
dosennya tidak pandai menjelaskan dan tidak paham,Negatif,Rekayasa Perangkat Lunak 1
yang saya sukai dari mata kuliah ini adalah bagaimana konsep matematika bisa langsung diterapkan dalam dunia komputer,Positif,Matematika Diskrit 1
kendala yang saya rasakan adalah tingkat kesulitan materinya cukup tinggi terutama pada bagian pembuktian dan perhitungan,Negatif,Matematika Diskrit 1
bagian praktik coding karena di mata kuliah ini saya bisa langsung mengimplementasikan algoritma yang dipelajari,Positif,Algoritma Pemrograman 2
tingkat kesulitan soal yang meningkat cukup signifikan dibandingkan mata kuliah pemrograman dasar,Negatif,Algoritma Pemrograman 2
tugas analisis kebutuhan karena terasa seperti proyek nyata,Positif,Rekayasa Perangkat Lunak 1
penyampaian dosen kurang menarik,Negatif,Rekayasa Perangkat Lunak 1
bagian praktik atau simulasi rangkaian digital,Positif,Sistem Digital
banyaknya perhitungan logika dan tabel kebenaran yang cukup rumit,Negatif,Sistem Digital
suka waktu membahas komponen komputer dan cara kerjanya,Positif,Arsitektur dan Organisasi Komputer
ada materi yang sulit dibayangkan,Negatif,Arsitektur dan Organisasi Komputer
aku suka bagian praktik sql karena bisa langsung lihat hasilnya,Positif,Database 1
menurut saya waktu praktikum kadang terasa kurang karena kadang error,Negatif,Database 1
ketika melihat hasil gambar yang dibuat dari proses perhitungan terasa unik,Positif,Grafika Komputer
ada materi terasa rumit dan butuh penjelasan berulang supaya benar benar paham,Negatif,Grafika Komputer
pelajrannya menantang walau aak sulit,Positif,Struktur Data
materi agak sulit karena tidak terbiasa ngoding,Negatif,Struktur Data
karena membuat saya lebih memahami apa yang terjadi di balik layar saat menjalankan program,Positif,Arsitektur dan Organisasi Komputer
banyak konsep teknis dan detail,Negatif,Arsitektur dan Organisasi Komputer
materi integral lipat,Positif,Kalkulus 2
karna ada beberapa materi tidak nyambung dengan kalkulus satu jadi agak buat binggung sedikit,Negatif,Kalkulus 2
suka ketika praktiknya,Positif,Algoritma Pemrograman 2
tugasnya yang sulit,Negatif,Algoritma Pemrograman 2
saya suka saat dosennya membahas soal secara runtut jadi lebih mudah diikuti,Positif,Kalkulus 2
menurut saya kalau tidak rajin latihan materi jadi cepat lupa,Negatif,Kalkulus 2
suka waktu belajar,Positif,Database 2
materinya agak sulit ketika masuk ke praktek,Negatif,Database 2
diskusi tentang isu isu teknologi di masyarakat karena berkaitan langsung dengan kehidupan sehari hari dan perkembangan zaman,Positif,Komputer dan Masyarakat
materi yang bersifat teori terkadang terasa berulang dan kurang menantang,Negatif,Komputer dan Masyarakat
suka gaya mengajar dosennya yang sabar jelas dan tidak pelit nilai jadi mahasiswa lebih semangat,Positif,Interaksi Manusia-Komputer
kadang banyak tugas hehe,Negatif,Interaksi Manusia-Komputer
yang saya suka adalah pratikumnya dan saya kesulitan untuk memahami codenya dengan pratikum saya lebih mudah memahaminya walaupun dapatnya dikit tapi saya percaya perubahan bisa menghasilkan hal besar,Positif,Web Desain
kendalanya adalah waktu pratikum yang terbatas otak saya lemot jika teman saya bisa memahami materi dalam satu jam maka saya butuh jam buat memahami materinya,Negatif,Web Desain
saya senang praktik analisis data karena terasa seperti mengerjakan kasus nyata,Positif,Pengantar Data Science
kendala saya adalah beberapa materi cukup cepat disampaikan jadi butuh belajar mandiri lebih banyak,Negatif,Pengantar Data Science
belajar bikin dokumen requirement dan diagram itu terasa seperti simulasi kerja di perusahaan,Positif,Rekayasa Perangkat Lunak 2
tugasnya cukup banyak dan detail jadi lumayan menguras waktu,Negatif,Rekayasa Perangkat Lunak 2
menarik ketika praktik membuat fitur website karena terasa seperti membuat aplikasi sungguhan,Positif,Web Programming
tugas proyeknya cukup banyak dan kadang waktunya terasa mepet,Negatif,Web Programming
bagian perancangan sistem kontrol itu seru karena harus mikir runtut dari input sampai output,Positif,Sistem Otomasi
kalau salah di perhitungan atau logika awal efeknya bisa ke seluruh sistem jadi memang harus teliti bange,Negatif,Sistem Otomasi
waktu dosen masuk tugas langsung dikasih tanpa penjelasan detail jadi lebih sering belajar sendiri daripada dibimbing,Positif,Pengantar Data Science
materi nggak dijelasin secara runtut jadi banyak mahasiswa bingung konsep dasarnya,Negatif,Pengantar Data Science
waktu ngebahas integrasi antar device jadi kebayang gimana sistem smart home atau monitoring jarak jauh itu dibuat,Positif,Pengantar IoT
kalau cuma bahas konsep tanpa banyak uji coba alat rasanya kurang greget,Negatif,Pengantar IoT
penjelasan metode kurang mendalam jadi harus cari referensi tambahan,Positif,Sistem Pengambilan Keputusan
tugas ada tapi tanpa pembahasan yang cukup bikin mahasiswa ragu apakah cara yang dipakai sudah benar,Negatif,Sistem Pengambilan Keputusan
saya suka topiknya karena berhubungan langsung dengan teknologi yang dipakai di dunia kerja,Positif,Cloud Computing
menurut saya dosennya jarang masuk dan materi yang diberikan juga tidak terlalu banyak jadi banyak belajar sendiri dan tidak terasa manfaat belajar dikelas,Negatif,Cloud Computing
materinya menarik,Positif,Cloud Computing
dosen jarang masuk sehingga materi tidak seluruhnya sampai ke mahasiswa,Negatif,Cloud Computing
materinya menarik,Positif,Jaringan Komputer
kurang praktiknya dosen juga jarang masuk,Negatif,Jaringan Komputer
bagian praktik sensor itu seru apalagi pas alatnya benar benar jalan sesuai program,Positif,Pengantar IoT
praktiknya terasa kurang maksimal,Negatif,Pengantar IoT
waktu praktik clustering atau klasifikasi terasa banget kaitannya sama data science,Positif,Data Mining
rumus dan proses perhitungannya lumayan bikin pusing kalau nggak dipelajari pelan pelan,Negatif,Data Mining
suka karena kelasnya terasa santai dan dosennya nggak terlalu menekan jadi nyaman,Positif,Web Desain
komputer labornya kurang nyaman lebih nyaman pake laptop pribadi,Negatif,Web Desain
materi dipelajari dapat memberikan pemahaman tentang konsep dasar kecerdasan buatan dan penerapannya dalam kehidupan nyata,Positif,Kecerdasan Buatan
materi yang banyak dan beberapa materi cukup kompleks sehingga membutuhkan penjelasan lebih mendalam dan contoh yang lebih sederhana agar mudah dipahami,Negatif,Kecerdasan Buatan
bagian machine learning dan logika pencarian algoritma itu paling seru karena terasa canggih,Positif,Kecerdasan Buatan
rumus dan konsep matematikanya cukup dalam jadi kalau dasar kurang kuat bisa keteteran,Negatif,Kecerdasan Buatan
kurang suka karena tentang data dan hitung hitung,Positif,Analisis Big Data
saya lemah diperhitungan jadi rasa saya ini sulit dipahami,Negatif,Analisis Big Data
bagian perancangan cukup menarik karena terasa aplikati,Positif,Sistem Otomasi
materinya lumayan kompleks apalagi kalau dasar logika dan perhitungannya belum kuat,Negatif,Sistem Otomasi
materinya menarik,Positif,Jaringan Komputer
sayngnya dosen jarang masuk,Negatif,Jaringan Komputer
paling suka waktu dosennya jelasin sambil praktik langsung jadi nggak cuma teori tapi benar benar lihat prosesnya,Positif,Web Programming
kadang suasana kelas kurang kondusif karena komputer lab nggak semuanya lancar jadi ada yang tertinggal selain itu kalau dosen jelasin terlalu cepat langsung ketinggalan jauh,Negatif,Web Programming
senang dengan tantangan dalam codingan dan saya tertarik untuk belajar programming,Positif,Web Programming
penyampaian dosen dikelas kurang maksimal,Negatif,Web Programming
tidak terlalu suka karena ga terlalu paham,Positif,Teori Bahasa dan Automata
materinya terlalu teoritis dan kadang bikin cepat bosan kalau cuma dengar penjelasan ditambah dosennya jarang masuk,Negatif,Teori Bahasa dan Automata
dosennya sering memberikan contoh proyek nyata jadi lebih kebayang alur pengembangan aplikasi,Positif,Rekayasa Perangkat Lunak 2
penjelasan dosen terkadang tidak nyambung dengan materi atau dosennya kurang paham sama materi yang disampaikan,Negatif,Rekayasa Perangkat Lunak 2
yang saya suka itu pratikumnya apalagi pas pratikum saya berhasil membuatkan project yang diminta itu ada rasa senang tersendiri sih buat saya,Positif,Pengantar IoT
alat pratikumnya sih yang kurang bervariasi jadi pratikumnya cuma buat itu aja tapi kalau saya disuruh buat project dengan alat yang ada saya juga kurang ngerti hehe terkadang gw heran liat orang mereka kalau dikasih project minggu selesai saya butuh bulan buat menyelesaikanya emang harus belajar lebih keras sih solusinya,Negatif,Pengantar IoT
belajar algoritma klasifikasi dan clustering karena terasa menyenangkan dan menantang,Positif,Data Mining
beberapa konsep algoritma cukup sulit dipahami tanpa contoh yang lebih sederhana,Negatif,Data Mining
unik aja walaupun ga paham,Positif,Teori Bahasa dan Automata
susah dipahami materinya terlebih dosen sering ga masuk,Negatif,Teori Bahasa dan Automata
karena bisa mengekspresikan ide sendiri,Positif,Web Desain
menurut saya referensi desain yang diberikan masih terbatas,Negatif,Web Desain
topiknya itu cukup bikin penasaran,Positif,Pengantar IoT
kadang materinya terasa terlalu umum dan kurang mendalam,Negatif,Pengantar IoT
seru dan suka merangkai rangkai alatnya,Positif,Sistem Otomasi
tugas sering kelompok karena kurang alat di labor,Negatif,Sistem Otomasi
topik tentang cara mesin belajar dari data itu bikin penasaran dan terasa relevan banget sama perkembangan zaman,Positif,Kecerdasan Buatan
beberapa penjelasan terasa terlalu cepat jadi harus belajar ulang sendiri di luar kelas,Negatif,Kecerdasan Buatan
penyampaian materi terasa kurang maksimal kadang terasa seperti belajar mandiri,Positif,Sistem Pakar
tnpa penjelasan detail sulit memahami bagaimana membangun rule base yang benar,Negatif,Sistem Pakar
saya suka waktu bahas contoh penerapan sistem pakar di bidang kesehatan soalnya menarik,Positif,Sistem Pakar
menurut saya karena dosennya sama seperti di cloud perkuliahan jadi kurang maksimal dan penjelasan materi terasa kurang lengkap,Negatif,Sistem Pakar
dosen baik dalam mengajar dan sabar jarang marah,Positif,Sistem Otomasi
saya sulit untuk paham karena memang kapasitas otak begini,Negatif,Sistem Otomasi
seru dan menyenangkan,Positif,Pengantar IoT
kadang ada error tapi bisa diatasi,Negatif,Pengantar IoT
waktu belajar deployment dan tahu cara kerja server virtual rasanya jadi lebih paham dunia backend,Positif,Cloud Computing
dosen jarang masuk padahal materinya penting,Negatif,Cloud Computing
bagian perhitungan metode seperti ahp atau saw karena bisa langsung dipakai buat studi kasus,Positif,Sistem Pengambilan Keputusan
kalau cuma hitung manual terus lama lama terasa monoton,Negatif,Sistem Pengambilan Keputusan
waktu membahas contoh penerapan iot di kehidupan nyata itu bikin makin tertarik,Positif,Pengantar IoT
praktik perangkatnya masih terbatas jadi terasa kurang puas,Negatif,Pengantar IoT
praktik pembuatan website secara langsung membantu mahasiswa memahami konsep html css dan juga laravel,Positif,Web Programming
waktu praktik terasa kurang sehingga belum semua materi dapat dipahami secara maksimal oleh mahasiswa,Negatif,Web Programming
bagian pengerjaan project kelompok cukup melatih kerja sama dan komunikasi,Positif,Rekayasa Perangkat Lunak 2
koordinasi tim kadang nggak selalu lancar dan dosen juga tidak aktif menjelaskan,Negatif,Rekayasa Perangkat Lunak 2
paham dengan materi,Positif,Pengantar Data Science
agak sulit dan susah masuk materinya,Negatif,Pengantar Data Science
praktiknya membantu pemahaman materi,Positif,Jaringan Komputer
jarang teori jarang praktek dosen juga jarang masuk,Negatif,Jaringan Komputer
kurang suka,Positif,Teori Bahasa dan Automata
semoga untuk berikutnya bisa lebih dipeehatikan lagi untuk dosen pengampu matkul ini kalo bisa ganti saja dosennya,Negatif,Teori Bahasa dan Automata
senang karena dosennya cukup terbuka dengan ide ide mahasiswa dan nggak terlalu kaku soal kreativitas,Positif,Web Desain
bingung cari reerensi desainnya,Negatif,Web Desain
materinya bikin nagih untuk terus dipelajari,Positif,Analisis Big Data
tugasnya sering disamain sama data science,Negatif,Analisis Big Data
materinya menarik,Positif,Sistem Pengambilan Keputusan
dosen jarang masuk,Negatif,Sistem Pengambilan Keputusan
menjelaskan metode metode spk dengan contoh kasus yang mudah dipahami,Positif,Sistem Pengambilan Keputusan
beberapa perhitungan metode cukup membingungkan jika tidak dijelaskan langkah demi langkah dosen juga sering tidak masuk dan hanya memberi tugas saja,Negatif,Sistem Pengambilan Keputusan
yang saya suka dari matkul ini adalah implementasi sistemnya semester kemarin kelompok kami membuat sistem diagnosa kerusakan handphone jadi bila handphone saya ada yang rusak saya nggak perlu repot nanya ke konter hp apanya yang rusak karna saya sudah punya sistemnya jadi saya cuma inputkan gejalanya dan hasilnya kita tau apa kerusakan handphone kita tapi tetap ke konter juga sih buat memperbaikinya setidak kita tau gejalanya,Positif,Sistem Pakar
kendalanya adalah kurangnya contoh implementasi sistemnya terkadang teorinya udah benar eh pas praktik malah salah,Negatif,Sistem Pakar
saya suka karena membuat tampilan website karena bisa lebih kreatif,Positif,Web Desain
waktu praktik kadang kurang untuk menyelesaikan desain dengan maksimal dan lanjut di kos,Negatif,Web Desain
pengetahuan itu cukup menarik karena ada unsur logikanya,Positif,Sistem Pakar
kalau hanya fokus ke teori tanpa implementasi aplikasi sederhana jadi kurang terasa kegunaannya,Negatif,Sistem Pakar
belajar hal baru,Positif,Analisis Big Data
beberapa materi terasa sulit dan mengolah data yang skala besar agak pusing dan ribet,Negatif,Analisis Big Data
praktek pertama kali,Positif,Jaringan Komputer
kurang materi dan sangat kurang di praktek karena dosen arang masuk,Negatif,Jaringan Komputer
materi kurang tersampaikan dengan baik tugas sering dikasih tapi tanpa arahan yang jelas,Positif,Cloud Computing
platform cloud itu nggak gampang buat pemula jadi tanpa penjelasan detail mahasiswa gampang stuck,Negatif,Cloud Computing
mengasah logika sekaligus kreativitas,Positif,Web Desain
kadang penilaiannya terasa subjektif karena desain itu relatif mungkin,Negatif,Web Desain
tidak ada,Positif,Cloud Computing
materi yang seharusnya praktik jadi kurang terasa manfaatnya,Negatif,Cloud Computing
saya suka karena metode metodenya bisa dipakai untuk berbagai kasus,Positif,Sistem Pengambilan Keputusan
menurut saya perkuliahan kurang efektif karena dosennya jarang masuk dan materi sering dipelajari secara mandiri,Negatif,Sistem Pengambilan Keputusan
pembahasan yg menarik dan menantang,Positif,Kecerdasan Buatan
kadang tidal terlalu paham dengan beberapa perhitungan metode ai,Negatif,Kecerdasan Buatan
penyampaian dosen ketika menjelaskan,Positif,Kecerdasan Buatan
kadang kurang oaham dengan materi tertentu,Negatif,Kecerdasan Buatan
bagian perancangan alur sistem otomatis itu menantang karena harus dipikirin logikanya dari awal,Positif,Sistem Otomasi
kalau kurang contoh implementasi nyata materinya jadi seru,Negatif,Sistem Otomasi
konsep smart home dan monitoring jarak jauh cukup bikin penasaran,Positif,Pengantar IoT
masih terasa dasar banget jadi belum terlalu dalam ke sisi deepnya,Negatif,Pengantar IoT
suka saat dosen memberi contoh penerapan ai di dunia nyata,Positif,Kecerdasan Buatan
kadang penjelasan terasa cepat dan butuh waktu lebih untuk mencerna hehe,Negatif,Kecerdasan Buatan
pembahasan mengenai metode dan konsep pengambilan keputusan dalam sistem pakar sangat menarik dan menambah wawasan mahasiswa,Positif,Sistem Pakar
materi terkadang bersifat teoritis sehingga cukup sulit dipahami tanpa contoh penerapan yang jelas,Negatif,Sistem Pakar
seru waktu bikin layout dan eksplor warna serta coba coba ui,Positif,Web Desain
revisi desain bisa cukup banyak kalau belum sesuai standar,Negatif,Web Desain
sudah mulai paham teori,Positif,Data Mining
susah memahami materi,Negatif,Data Mining
seru saat berhasil membuat fitur berjalan tanpa error,Positif,Web Programming
codingnya butuh waktu lama untuk pemula sampai sakit pinggang,Negatif,Web Programming
ga begitu suka,Positif,Rekayasa Perangkat Lunak 2
dosennya sama dengan rpl penyampaiannya ga begitu luwes bikin ngantuk,Negatif,Rekayasa Perangkat Lunak 2
praktek diawal semster ang seru,Positif,Jaringan Komputer
setelah perkuliahan berjalan dosen sering tidak hadir untuk memberi materi,Negatif,Jaringan Komputer
suka dengan pelajaran hitungan,Positif,Pengantar Data Science
kalo tidak paham satu metode akan susah untuk memahami metode lain,Negatif,Pengantar Data Science
suka bagian praktik dan penjelasan tentang layanan cloud jadi lebih kebayang penggunaannya,Positif,Cloud Computing
jarang masuk dosennya dan prakteknya jarang,Negatif,Cloud Computing
menjelaskan konsep ai dengan contoh aplikasi di kehidupan nyata,Positif,Kecerdasan Buatan
terkadang ada beberapa materi yang sulit dipahami karena perhitunagnnya,Negatif,Kecerdasan Buatan
yang saya sukai adalah materinya yang menurut saya bermanfaat dan bikin penasaran tapi asik kalo dipahami,Positif,Kecakapan Antar Personal
mungkin bisa ditambahkan hal yang seru atau ice breaking biar lebih seru aja,Negatif,Kecakapan Antar Personal
saya menyukai struktur algoritma nya ternyata setiap algoritma memiliki fungsi dan tujuan yang tertentu jika prediksi maka lebih baik algoritma yang a b jika analisis sentimen berbeda lagi algoritmanya setiap algoritma memiliki ciri dan cara kerja unik masing masing nya,Positif,Statistika dengan R/Python
alhamdulillah tidak ada hanya saja perlu kehati hatian dalam analisis dan perintah yang dijalankan bisa saja perintah yang diberikan tidak sesuai dengan analisis yang diinginkan,Negatif,Statistika dengan R/Python
wawasan dan keingin tahuan saya untuk belajar coding untuk pengembangan aplikasi mobile,Positif,Manajemen Proyek
alhamdulillah tidak ada kenala mungkin kurang di saya yang masih sering telat ngumpulin tugas hehe,Negatif,Manajemen Proyek
materi yang mudah dipahami,Positif,Datawarehouse
kadang susah kalo belajar sendiri tapi setelah ada tutor di youtube jadi membantu banget,Negatif,Datawarehouse
kurang suka karena tidak terlalu minat,Positif,Etika Profesi
kadang bikin ngantuk dengarin materi terus,Negatif,Etika Profesi
pratikumnya,Positif,Datawarehouse
susah karena sering error,Negatif,Datawarehouse
yang saya sukai dari mata kuliah basis data dan sql adalah sifatnya yang praktis dan langsung bisa diterapkan setiap perintah sql yang ditulis langsung menghasilkan output sehingga proses belajarnya terasa jelas dan terstruktur,Positif,Pembelajaran Mesin
pembelajaran mesin adalah tingkat kompleksitas materinya yang cukup tinggi terutama pada bagian matematis seperti turunan probabilitas dan optimisasi beberapa algoritma juga membutuhkan pemahaman statistik yang kuat sehingga jika dasar matematikanya kurang proses memahami konsepnya bisa menjadi lebih lambat,Negatif,Pembelajaran Mesin
yang saya sukai dari mata kuliah manajemen proyek adalah karena materinya sangat aplikatif dan relevan dengan dunia kerja saya menyukai bagian penyusunan timeline proyek pembagian tugas dalam tim identifikasi risiko dan solusi pencegahannya,Positif,Technopreneurship
kendala yang saya rasakan adalah pada tahap mengembangkan ide bisnis menjadi rencana yang realistis terutama dalam menentukan target pasar yang tepat membuat analisis keuangan menyusun strategi pemasaran yang efektif selain itu karena tidak semua mahasiswa memiliki pengalaman bisnis beberapa konsep kewirausahaan terasa cukup baru dan membutuhkan waktu untuk dipahami namun hal tersebut justru menjadi pengalaman belajar yang baik untuk memahami dunia usaha secara lebih nyata,Negatif,Technopreneurship
dosen yang baik dan penyampaiannya jelas,Positif,Basisdata dan Pemrograman SQL untuk BIg Data
dosen sering tidak hadir,Negatif,Basisdata dan Pemrograman SQL untuk BIg Data
materi yang mudah dipahami,Positif,Teknologi Big Data dan Cloud Computer
kelasnya online jadi kurang efisien,Negatif,Teknologi Big Data dan Cloud Computer
dosennya baik dan sabar,Positif,Statistika dengan R/Python
sulit bagi saya untuk memahami angka apalagi angkanya di balut dengab codingan jadi double sulitnya ditambah dosen juga jarang masuk,Negatif,Statistika dengan R/Python
dosennya baik menilai dan ingin mahasiswa berkembang,Positif,Statistika dengan R/Python
untuk kendala karena kurang memahani materi itu sebab dosen jarang masuk dan sekalinya memberi materi itu tidak sesuai dengan teman,Negatif,Statistika dengan R/Python
pelajarannya sesuai dengan minat yang akan saya pilih yaitu cloud computing,Positif,Manajemen Proyek
karena kelasnya online sehingga menurut saya kurang maksimal dalam pertemuannya,Negatif,Manajemen Proyek
tidak terlalu suka,Positif,Etika Profesi
terlalu banyak materi jadi agak ngantuk,Negatif,Etika Profesi
mungkin bagian praktik query nya karna kan itu saya mencobakan dan melihat hasilnya langsung,Positif,Datawarehouse
saya butuh waktu lebih untuk memahaminya karna beberapa materi cukup sulit menurut saya,Negatif,Datawarehouse
materi dan penyampaian dosen yang mudah untuk dipahami,Positif,Pemrograman Mobile
dosen jarang masuk dan materi tidak sesuai seperti yang diharapkan,Negatif,Pemrograman Mobile
manfaat dari materinya serta proses belajar mengajar yang baik dan kondusif,Positif,Statistika dengan R/Python
dosen sering libur jarang masuk ga bakal masuk kalo ga dihubungi materi ga susesuai sama yang seharusnya dipelajar belajar pertemuan hanya pertemuan yang masuk itu pun dosen telat masuk setengan sampai satu jam tapi keluar kelasnya cepat bangetttt,Negatif,Statistika dengan R/Python
yang saya sukai adalah materinya yang menurut saya bermanfaat dan bikin penasaran tapi asik kalo dipahami,Positif,Manajemen Proyek
kurangnya mungkin harusnya bisa diperjelas tentang gambaran didunia kerja atau dunia nyata tentang materi tertentu biar lebih mantep lagi,Negatif,Manajemen Proyek
saya menyukai struktur algoritma nya ternyata setiap algoritma memiliki fungsi dan tujuan yang tertentu jika prediksi maka lebih baik algoritma yang a b jika analisis sentimen berbeda lagi algoritmanya setiap algoritma memiliki ciri dan cara kerja unik masing masing nya,Positif,Pembelajaran Mesin
kendalanya tidak semua algoritma dipelajari pada saat mata kuliah ini berlangsung hanya algoritma tertentu saja sehingga penelitian yang didapatkan juga terbatas pada algoritma itu itu saja bisa jadi analisis yang diinginkan tidak sesuai dengan cara kerja algoritma yang digunakan,Negatif,Pembelajaran Mesin
wawasan dan keingin tahuan saya untuk belajar coding untuk pengembangan aplikasi mobile,Positif,Pemrograman Mobile
dosennya sering libur,Negatif,Pemrograman Mobile
materi yang mudah dipahami,Positif,Technopreneurship
dosen kurang keras suaranya ketika menjelaskan sering buat ppt dan tamil didepan padahal kelas kami sedikit jadi kurang asyik aja gitu,Negatif,Technopreneurship
kurang suka karena tidak terlalu minat,Positif,Statistika dengan R/Python
materinya tentang angka dan coding yang dijadikan satu,Negatif,Statistika dengan R/Python
pratikumnya,Positif,Pemrograman Mobile
sejauh ini aman jaya,Negatif,Pemrograman Mobile
yang saya sukai dari mata kuliah basis data dan sql adalah sifatnya yang praktis dan langsung bisa diterapkan setiap perintah sql yang ditulis langsung menghasilkan output sehingga proses belajarnya terasa jelas dan terstruktur,Positif,Basisdata dan Pemrograman SQL untuk BIg Data
kendala yang saya rasakan adalah ketika query menjadi terlalu kompleks terutama jika melibatkan banyak tabel subquery atau fungsi agregasi kesalahan kecil dalam penulisan query bisa menyebabkan hasil yang tidak sesuai atau error,Negatif,Basisdata dan Pemrograman SQL untuk BIg Data
yang saya sukai dari mata kuliah manajemen proyek adalah karena materinya sangat aplikatif dan relevan dengan dunia kerja saya menyukai bagian penyusunan timeline proyek pembagian tugas dalam tim identifikasi risiko dan solusi pencegahannya,Positif,Manajemen Proyek
kendala yang saya rasakan adalah banyaknya istilah dan konsep yang harus dipahami secara detail seperti wbs cpm manajemen risiko dan lain lain,Negatif,Manajemen Proyek
dosen yang baik dan penyampaiannya jelas,Positif,Pembelajaran Mesin
kelasnya tidak nyaman,Negatif,Pembelajaran Mesin
materi yang mudah dipahami,Positif,Manajemen Proyek
kelasnya juga online saya kurang suka karena tidak maksimal,Negatif,Manajemen Proyek
dosennya baik dan sabar,Positif,Datawarehouse
ketika praktek sering error jadi kudu sabar,Negatif,Datawarehouse
dosennya baik menilai dan ingin mahasiswa berkembang,Positif,Teknologi Big Data dan Cloud Computer
jarang masuk kelas hanya pertemuan saja,Negatif,Teknologi Big Data dan Cloud Computer
pelajarannya sesuai dengan minat yang akan saya pilih yaitu cloud computing,Positif,Teknologi Big Data dan Cloud Computer
kurang maksimal karena pertemuannya online,Negatif,Teknologi Big Data dan Cloud Computer
tidak terlalu suka,Positif,Technopreneurship
pembawaan materi yang ga menarik ngantuk ditambah suara dosen yang kecil sangat,Negatif,Technopreneurship
mungkin bagian praktik query nya karna kan itu saya mencobakan dan melihat hasilnya langsung,Positif,Basisdata dan Pemrograman SQL untuk BIg Data
pas waktu pemcobaan nya dan ini masih cukup sulit di saya untuk memahaminya,Negatif,Basisdata dan Pemrograman SQL untuk BIg Data
materi dan penyampaian dosen yang mudah untuk dipahami,Positif,Teknologi Big Data dan Cloud Computer
online membuat malas dan pertemuan di online sering tidak maksimal,Negatif,Teknologi Big Data dan Cloud Computer
manfaat dari materinya serta proses belajar mengajar yang baik dan kondusif,Positif,Etika Profesi
sejauh ini tidak ada kendala namun yang baik tetap dipertahankan dan yang buruk harus dijauhi,Negatif,Etika Profesi
materi yang nyambung dengan kesukaan saya jadi mudah aja gitu dipahaminya,Positif,Basisdata dan Pemrograman SQL untuk BIg Data
kadang kurang jelas aja dosen menerangkan materi,Negatif,Basisdata dan Pemrograman SQL untuk BIg Data
saya menyukai pembahasan pada mata kuliah ini terdengar serderhana namun praktiknya perlu upaya yang maksimal tentunya bagaimana kita menjaga data bagaimana kita mengamankan data sendiri dan hal lainnya yang menarik yang dibahas dalam mata kuliah ini,Positif,Etika Profesi
mata kuliah ini sangat bagus di ampu juga oleh dosen yg berkompeten dan juga kurikulum rpp yang sesuai hanya perlu peningkatan pembahasan saja untuk lebih baiknya,Negatif,Etika Profesi
materi yang menarik penyampaian dosen yang cukup dipahami,Positif,Pembelajaran Mesin
kadang dosen juga tidak terlalu paham dengan metode tertentu di pembelajaran mesin kadang juga ada hitung hitungan manualnya,Negatif,Pembelajaran Mesin
penyampain dosen yang ga monoton dan diselingi dengan cerita yang bermanfaat,Positif,Kecakapan Antar Personal
saya rasa cukup perbaiki masing masing individu saja,Negatif,Kecakapan Antar Personal
tugasnya ga sulit,Positif,Teknologi Big Data dan Cloud Computer
kurang banyak tugasnya,Negatif,Teknologi Big Data dan Cloud Computer
dosen yg baik dan sabar,Positif,Etika Profesi
sering ngantuk karna full materi,Negatif,Etika Profesi
yang saya sukai dari mata kuliah kecakapan antar personal adalah materinya sangat relevan dengan kehidupan sehari hari baik di kampus organisasi maupun di dunia kerja nanti,Positif,Kecakapan Antar Personal
kendala yang saya rasakan adalah karena materi bersifat soft skill terkadang penilaiannya terasa lebih subjektif dibandingkan mata kuliah teknis,Negatif,Kecakapan Antar Personal
yang saya sukai dari mata kuliah ini adalah karena materinya sangat relevan dengan perkembangan teknologi saat ini terutama dalam bidang data science sistem informasi dan aplikasi berbasis internet,Positif,Teknologi Big Data dan Cloud Computer
kendala yang saya rasakan adalah banyaknya konsep baru yang cukup kompleks terutama terkait arsitektur big data dan layanan cloud yang beragam,Negatif,Teknologi Big Data dan Cloud Computer
kurang suka karena materinya ga seperti yang saya bayangkan,Positif,Pemrograman Mobile
dosen jarang hadir dan kalaupun masuk sering terlambat,Negatif,Pemrograman Mobile
dosennya sabar baik dan ga pelit nilai,Positif,Datawarehouse
materi agak sulit,Negatif,Datawarehouse
penyampaian materinya jelas dan mudah dipahami,Positif,Pembelajaran Mesin
tidak ada rasanya,Negatif,Pembelajaran Mesin
dosen tepat waktu dan pertemuan mencukupi jadi teman teman yang terlambat pun segan,Positif,Technopreneurship
suara dosen tolong untuk di besarkan supaya terdengar juga jangan monoton pembahasan atau cara belajarnya,Negatif,Technopreneurship
,Positif,Statistika dengan R/Python
,Negatif,Statistika dengan R/Python
kurang suka karena berhubungan dengan angka,Positif,Statistika dengan R/Python
dosen jarang masuk materi jalan di tempat atau itu itu aja pertemuan ga maksimal,Negatif,Statistika dengan R/Python
proses pembuatan aplikasi mobile nya itu mungkin bagian yang saya sukai,Positif,Pemrograman Mobile
tapi waktu itu banyak halangan terkait waktu kuliah seperti masalah dosen yang jarang hadir jadi saya tidak terlalu mengerti sama mata kuliah ini dan kurang materi,Negatif,Pemrograman Mobile
tidak terlalu menarik karena dosennya juga tidak menarik,Positif,Basisdata dan Pemrograman SQL untuk BIg Data
materinya sama dengan database jadi ga sesuai dengan matakulaih nya yang dengan r python,Negatif,Basisdata dan Pemrograman SQL untuk BIg Data
lumayan banyak hitung hitung yang bikin otak mikir dan bekerja,Positif,Pembelajaran Mesin
kelasnya harus pinjam remot dulu untuk hidupin proyektor dan itu makan waktu sehingga kelas agak lama muainya karena menunggu,Negatif,Pembelajaran Mesin
